{
    "parent": "item/generated",
    "textures": {
        "layer0": "item/music_disc_11"
    },
    "overrides": [
        {
            "predicate": {
                "custom_model_data": 1
            },
            "model": "item/music_disc_cosmicherocarseatheadrest"
        },
        {
            "predicate": {
                "custom_model_data": 2
            },
            "model": "item/music_disc_hotelroomservicepitbull"
        },
        {
            "predicate": {
                "custom_model_data": 3
            },
            "model": "item/music_disc_blackstarradiohead"
        },
        {
            "predicate": {
                "custom_model_data": 4
            },
            "model": "item/music_disc_housebandcarseatheadrest"
        },
        {
            "predicate": {
                "custom_model_data": 5
            },
            "model": "item/music_disc_needtwopinegrove"
        },
        {
            "predicate": {
                "custom_model_data": 6
            },
            "model": "item/music_disc_tshirtleftatlondon"
        }
    ]
}