{
    "music_disc.cosmicherocarseatheadrest": {
        "sounds": [
            {
                "name": "records/cosmicherocarseatheadrest",
                "stream": true
            }
        ]
    },
    "music_disc.hotelroomservicepitbull": {
        "sounds": [
            {
                "name": "records/hotelroomservicepitbull",
                "stream": true
            }
        ]
    },
    "music_disc.blackstarradiohead": {
        "sounds": [
            {
                "name": "records/blackstarradiohead",
                "stream": true
            }
        ]
    },
    "music_disc.housebandcarseatheadrest": {
        "sounds": [
            {
                "name": "records/housebandcarseatheadrest",
                "stream": true
            }
        ]
    },
    "music_disc.needtwopinegrove": {
        "sounds": [
            {
                "name": "records/needtwopinegrove",
                "stream": true
            }
        ]
    },
    "music_disc.tshirtleftatlondon": {
        "sounds": [
            {
                "name": "records/tshirtleftatlondon",
                "stream": true
            }
        ]
    }
}